date,scan_timestamp,ticker,score,current_price,sector,entry_zone,stop_loss,target_1,target_2,risk_reward,setup_summary,key_risks,fundamental_note,outcome_date,outcome_price,outcome_pct,outcome_result
2026-03-07,2026-03-07 06:40 UTC,RMD,84,252.86,Healthcare,$248–$257,$237.00 – below swing low and prior support,$280.00 – prior resistance zone,$294.00 – 52-week high retest,2.0:1,"ResMed has staged a clean orderly pullback from its 52-week high of $293.81 back toward the $248–$257 zone, which aligns with likely 50-day MA support. Weekly uptrend is firmly intact (up from $199 low). Volume has been declining on down days, suggesting institutional holders are not exiting. A bounce from this zone targets the prior resistance near $280 and ultimately a retest of the 52W high.",Next earnings ~late April 2026 | Broader healthcare sector risk | GLP-1 drug competition narrative | Elevated VIX market environment,ResMed beat Q2 FY2026 earnings (EPS ~$2.80 vs $2.68 estimate). Revenue growing ~8%+ YoY. Operating margin 34%. Strong free cash flow generation. GLP-1 tailwind (obese patients still need CPAP). Low beta 0.88 offers relative stability.,2026-03-22,225.99,-10.63,STOPPED_OUT
2026-03-07,2026-03-07 06:40 UTC,CPAY,83,314.40,Technology,$308–$320,$294.00 – below 200-day MA and Feb swing low,$355.00 – prior all-time high area,$388.00 – analyst consensus target,2.0:1,"Corpay has pulled back from its post-earnings high of ~$354 (following a strong Q4 beat) to retest the 200-day moving average — a textbook momentum pullback to key support. Price is essentially at the 200-day MA (SMA200 +0.39%), with declining volume on the pullback. The fundamental picture is exceptionally strong with 2026 guidance well above consensus. A hold of the 200-day triggers a measured move back toward prior highs.",Next earnings ~May 2026 | Broader market risk appetite (high beta payments stock) | Elevated VIX 29+ dampens risk appetite | Institutional selling noted (-2.05% inst trans),"Corpay delivered Q4 2025 revenue +20.7% YoY to $1.25B with adjusted EPS of $6.04 (+13%), both beating estimates. FY2026 guidance of $25.50–$26.50 EPS (22% growth) exceeded Wall Street consensus. Alpha Group acquisition and Mastercard's $300M strategic investment are key catalysts. PEG 0.61 suggests significant undervaluation.",2026-03-22,287.46,-8.57,STOPPED_OUT
2026-03-07,2026-03-07 06:40 UTC,BA,81,231.15,Industrials,$224–$234,$209.00 – below pullback swing low and prior breakout,$252.00 – measured move resistance,$270.00 – extended target / prior 2024 high,1.9:1,"Boeing has staged an impressive turnaround rally from lows near $160 to above $234 on the back of its best commercial delivery quarter since 2018. The stock pulled back to the $210–$218 zone (prior breakout area) and is now recovering strongly (+3.75% today). The broader weekly uptrend is intact, and the pullback was orderly — volume dried up into the lows. The rebound today is being driven by production ramp news and improving operational metrics.",Next earnings ~late April 2026 | Ongoing FAA regulatory oversight | $54B debt load | Certification delays for 737 MAX variants | Elevated VIX macro risk,Boeing Q4 2025 revenue surged 57% YoY to $23.9B with 600 commercial aircraft deliveries (highest since 2018). FCF turned positive for the first time. 737 MAX production ramping to 42/month with target of 47/month by mid-2026. Morningstar fair value $246. Record $682B order backlog.,2026-03-22,195.12,-15.58,STOPPED_OUT
2026-03-07,2026-03-03 02:00 UTC,MDT,85,90.90,Healthcare,$88–$93,$84.50 – below recent swing low and 200-day MA,$103.00 – prior resistance and measured move target,$112.00 – analyst consensus target,2.1:1,"Medtronic has pulled back sharply from its 52-week high of $106.33 to $90.90 — a 14% correction that has brought price back to the 200-day MA support zone. The stock just reported a Q3 FY2026 beat (revenue +8.7%, EPS beat consensus) and maintains full-year guidance. Volume on the pullback is declining, and the weekly uptrend from the $79.55 low remains intact. Multiple analyst upgrades in recent weeks add institutional conviction to the setup. The broad pullback in a defensive healthcare name during an elevated-VIX market creates a compelling risk/reward entry.",Next earnings May 20 2026 (~10 weeks away) | Tariff headwinds ($185M FY26 impact) | Margin compression (gross margin -265 bps) | Broader market correction risk,"Q3 FY2026 beat: revenue $9.02B (+8.7% reported, +6% organic) vs $8.89B estimate; adj EPS $1.36 vs $1.33 estimate. FY2026 guidance maintained at 5.5% organic growth, adj EPS $5.62–$5.66. Hugo robotics platform and MiniMed spin-off are key catalysts. William Blair upgraded to Outperform Jan 2026; Needham raised target to $121 Feb 2026.",2026-03-22,86.16,-5.21,EXPIRED
2026-03-07,2026-03-03 02:00 UTC,AFL,80,111.30,Financials,$109–$113,$105.50 – below Feb swing low and 50-day MA support,$119.00 – 52-week high retest,$124.00 – measured move / analyst targets,2.4:1,"Aflac has pulled back ~6% from its 52-week high of $118.92 (reached early Feb 2026) to the $111 area, which aligns with the 50-day MA support zone. The pullback has been orderly on declining volume — a textbook momentum continuation setup. Weekly uptrend is firmly intact from the $96.95 52-week low. Multiple analyst price target upgrades in February/March 2026 (Wells Fargo to $118, Raymond James to $119, Morgan Stanley $120) add conviction. The low-beta (0.66) insurance name offers relative stability in a volatile market.",Next earnings ~Apr 29 2026 (~7.5 weeks away) | EPS missed Q4 2025 estimates ($1.57 vs $1.69) | Consensus analyst rating is Hold | Margin compression concerns | Market downtrend risk,"Q4 2025 revenue $4.87B (+12.7% YoY), beat estimate. Full-year 2025 adj EPS $7.49. Japan segment sales +15.7%, Miraito cancer insurance +35.6%. U.S. strong premium persistency 79.2%. 5.2% dividend increase approved; $3.5B in 2025 share buybacks. Wells Fargo raised target to $118; Raymond James raised to $119 with Outperform.",2026-03-22,106.22,-4.56,EXPIRED
2026-03-07,2026-03-03 02:00 UTC,ROK,75,369.72,Industrials,$362–$378,$356.00 – below 200-day MA ($362.71) support,$410.00 – 50-day MA and prior consolidation area,$438.00 – 52-week high retest,3.4:1,"Rockwell Automation has pulled back from its 52-week high of $438.72 to $369.72 — a 16% correction — and is now approaching the 200-day MA at $362.71, a major long-term support level. The weekly uptrend from the $215 low is intact. Q1 FY2026 results strongly beat estimates (EPS $2.75 vs $2.46, revenue +11.9% YoY) and FY2026 EPS guidance was raised. AI-driven industrial automation demand provides a durable growth catalyst. The risk/reward is exceptional if the 200-day holds.",Next earnings May 6 2026 (~8.5 weeks away) | Heavy insider selling ($68M+ in last month) | Industrial sector headwinds (tariffs on manufacturing) | High valuation P/E 46.66 | Market correction risk,"Q1 FY2026 beat: EPS $2.75 vs $2.46 estimate; revenue $2.11B (+11.9% YoY). FY2026 EPS guidance raised to $11.40–$12.20. Zacks raised FY2026 estimate to $11.81 in Feb 2026. Barclays Overweight $450, Morgan Stanley Overweight $440. AI and factory automation demand from automotive, semiconductor, and logistics sectors.",2026-03-22,355.11,-3.95,STOPPED_OUT
2026-03-08,2026-03-03 02:00 UTC,AFL,87,111.29,Financials,$109–$113,$105.50 – below Feb swing low and 50-day EMA support,$119.00 – 52-week high retest,$124.00 – measured move / analyst consensus targets,2.4:1,"Aflac continues to consolidate in a tight orderly range just above the 50-day EMA ($110.68), pulling back 6.7% from its $118.92 52-week high on declining volume — a textbook continuation setup. Low beta (0.48) and multiple analyst price target upgrades in Feb–Mar 2026 make AFL a compelling defensive play in elevated-VIX conditions. Insurance sector is relatively in favor as investors rotate into defensives.",Next earnings ~Apr 29 2026 (~7.5 weeks) | EPS missed Q4 2025 estimates ($1.57 vs $1.69) | Broader market correction risk | Consensus analyst rating is Hold,"Q4 2025 revenue $4.87B (+12.7% YoY). Full-year 2025 adj EPS $7.49. Multiple analyst target upgrades: Wells Fargo to $118, Raymond James to $119, Morgan Stanley $120. Low beta (0.48) insurance offers relative stability. Japan segment sales +15.7% and Miraito cancer insurance +35.6%.",2026-03-22,106.22,-4.56,EXPIRED
2026-03-08,2026-03-03 02:00 UTC,MDT,85,90.90,Healthcare,$88–$93,$84.50 – below recent swing low and 200-day MA zone,$103.00 – prior resistance and measured move target,$112.00 – analyst consensus target,1.9:1,"Medtronic has pulled back 14.4% from its $106.33 52-week high to test the 200-day EMA support zone. A Q3 FY2026 earnings beat (revenue +8.7%, EPS $1.36 vs $1.33 estimate) and multiple analyst upgrades in early 2026 provide strong fundamental conviction. The weekly uptrend from the $79.55 52-week low remains intact. Defensive healthcare positioning suits the current elevated-VIX environment with 10+ weeks until next earnings.",Next earnings May 20 2026 (~10.5 weeks) | Tariff headwinds ($185M FY26 impact) | Gross margin compression (-265 bps) | Broader market correction risk,"Q3 FY2026: revenue $9.02B (+8.7% reported, +6% organic) vs $8.89B estimate; adj EPS $1.36 vs $1.33. FY2026 guidance maintained at 5.5% organic growth, adj EPS $5.62–$5.66. William Blair upgraded to Outperform (Jan 2026); Needham raised target to $121 (Feb 2026). Hugo robotics platform and MiniMed spin-off are key catalysts.",2026-03-22,86.16,-5.21,EXPIRED
2026-03-08,2026-03-03 02:00 UTC,RMD,84,252.87,Healthcare,$248–$257,$237.00 – below recent swing low and prior support,$280.00 – prior resistance zone,$294.00 – 52-week high retest,2.8:1,"ResMed has pulled back from its $293.81 52-week high to the $248–$257 zone, which aligns with the 50-day EMA support area (~$256). Q2 FY2026 earnings beat (EPS ~$2.80 vs $2.68 estimate) confirmed the fundamental uptrend. The weekly chart shows a clear higher-highs/higher-lows structure from the $199.92 52-week low. Volume on the pullback has been declining, signaling healthy consolidation rather than a breakdown. Next earnings not until April 22 — ample time for the trade to develop.",Next earnings Q3 FY2026 ~Apr 22 2026 (~6.5 weeks) | GLP-1 competition narrative (potential reduction in CPAP demand) | Broader healthcare sector risk | Elevated VIX market environment,Q2 FY2026 beat: EPS ~$2.80 vs $2.68 estimate; revenue growing ~8%+ YoY. Strong free cash flow generation. GLP-1 tailwind (obese patients still require CPAP devices). Low beta (0.88) offers relative stability. 52-week range $199.92–$293.81.,2026-03-22,225.99,-10.63,STOPPED_OUT
2026-03-09,2026-03-03 02:00 UTC,AFL,82,112.00,Financials,$109–$113,$105.50 – below Feb swing low and 50-day EMA,$119.00 – 52-week high retest,$124.00 – measured move / analyst consensus,2.4:1,"Aflac continues its orderly pullback from the $118.92 52-week high to the 50-day EMA zone (~$111), presenting a valid entry on the third consecutive scan day. Low beta (0.48) insurance play with multiple analyst price target upgrades and strong Japan premium growth makes AFL a compelling defensive position in the current elevated-VIX environment. Insider selling (EVP -7,387 shares Feb 24) is noted as a deduction but institutional inflows (Norges Bank $432M new position) remain strong.","EVP insider selling Feb 24 (7,387 shares ~$839K) | EPS missed Q4 2025 ($1.57 vs $1.69) | Consensus analyst rating is Hold | Broader market correction risk | Japan yen exposure","Q4 2025 revenue $4.87B (+12.7% YoY). Full-year 2025 adj EPS $7.49. Multiple analyst target upgrades: Wells Fargo to $118, Raymond James to $119 (Outperform), Morgan Stanley $120. Japan segment +15.7%, Miraito cancer insurance +35.6%. 5.2% dividend increase and $3.5B buyback program.",2026-03-22,106.22,-5.16,EXPIRED
2026-03-09,2026-03-03 02:00 UTC,MDT,80,92.00,Healthcare,$88–$93,$84.50 – below recent swing low and 200-day MA zone,$103.00 – prior resistance and measured move,$112.00 – analyst consensus target,2.1:1,"Medtronic holds the 200-day MA support zone after a 14% pullback from its $106.33 52-week high. The stock has stabilised in the $88–$93 entry zone with defensive healthcare rotation supporting the floor. A Q3 FY2026 earnings beat (EPS $1.36 vs $1.33, revenue +8.7% YoY) and maintained FY2026 guidance provide fundamental conviction. EVP insider selling ($5.1M in options exercise Feb 19) is noted as a moderate concern but is typical of post-earnings option exercises.",EVP insider selling Feb 19 ($5.1M options exercise) | Tariff headwinds ($185M FY26 impact) | Gross margin compression (-265 bps) | Next earnings May 20 2026 (~10.5 weeks) | Broader market correction risk,"Q3 FY2026 beat: revenue $9.02B (+8.7%) vs $8.89B estimate; adj EPS $1.36 vs $1.33. FY2026 guidance maintained: 5.5% organic growth, adj EPS $5.62–$5.66. Needham raised target to $121 (Feb 2026); William Blair upgraded to Outperform (Jan 2026). Hugo robotics platform and MiniMed IPO are key catalysts.",2026-03-22,86.16,-6.35,EXPIRED
2026-03-09,2026-03-03 02:00 UTC,RMD,79,255.00,Healthcare,$248–$257,$237.00 – below recent swing low and prior support,$280.00 – prior resistance zone,$294.00 – 52-week high retest,2.8:1,"ResMed maintains a valid entry as the stock holds the $248–$257 zone for the third consecutive scan, aligning with 50-day EMA support. The pullback from the $293.81 52-week high has been orderly on declining volume. Recent insider selling (Director $520K March 4; CFO $254K March 2 under 10b5-1 plan) warrants monitoring. Quarterly dividend of $0.60/share payable March 19 adds near-term income. Defensive healthcare with low beta (0.88) suits the elevated-VIX environment.",Director insider selling March 4 ($520K) | CFO 10b5-1 plan sale March 2 ($254K) | Next earnings ~Apr 22 2026 (~6.5 weeks) | GLP-1 competition narrative (CPAP demand risk) | Broader healthcare sector risk,Q2 FY2026 beat: EPS $2.81 vs $2.68 estimate; revenue $1.42B (+11% YoY). Quarterly dividend $0.60/share payable March 19 2026. Strong free cash flow and operating margin ~34%. GLP-1 tailwind: obese patients require CPAP regardless. 52-week range $199.92–$293.81.,2026-03-22,225.99,-11.38,STOPPED_OUT
2026-03-10,2026-03-10 01:00 UTC,EME,90,706.00,Industrials,$695–$720,$678 – below pullback support zone and 50-day EMA,$808 – Baird analyst target / prior resistance,$900 – DA Davidson target / measured move,3.6:1,"EMCOR has pulled back 15.5% from its $835 52-week high to retest the 50-day EMA support zone near $705–$718 on declining volume. The company is a structural beneficiary of AI data center infrastructure build-out, posting a Q4 2025 beat (EPS $7.19 vs $6.68) and raising FY2026 guidance to $27.25–$29.25 EPS. Analyst targets of $808–$900 offer compelling upside from the 50-day EMA retest with a 3.6:1 R:R.","CEO insider selling $26M (March 5, 10b5-1 plan) | Next earnings April 23–29, 2026 (~7 weeks) | Industrial sector tariff headwinds | Capital goods multiple compression risk",Q4 2025 EPS $7.19 beat $6.68 estimate; revenue $4.51B (+19.7% YoY). FY2026 guidance raised to $27.25–$29.25 EPS. Dominant mechanical and electrical contractor for AI data centers and grid automation. DA Davidson raised target to $900; Robert W. Baird to $808.,2026-03-22,724.93,2.68,EXPIRED
2026-03-10,2026-03-10 01:00 UTC,VRTX,87,457.00,Healthcare,$452–$470,$430 – below 200-day MA ($435.35),$542 – analyst consensus target,$570 – Morgan Stanley Overweight target,3.2:1,"Vertex has pulled back to its 50-day EMA ($467) zone in an orderly consolidation within a clean long-term uptrend. A positive Phase 3 IgA nephropathy trial announced March 9 (disease marker reduced by half) adds a near-term catalyst. The 200-day MA at $435 provides a firm backstop with 18–25% upside to analyst targets, offering a 3.2:1 R:R from the 50-day EMA entry.","Significant insider selling $77.9M over 90 days (~168,937 shares) | Q4 EPS slightly missed consensus ($5.03 vs $5.05) | Next earnings May 4, 2026 (~8 weeks) | Premium valuation 37x forward P/E | Pipeline binary risk","Q4 2025 revenue $3.19B (+9.5% YoY), EPS $5.03 (slight miss vs $5.05). Positive Phase 3 IgA nephropathy trial (March 9): disease marker reduced by half. Analyst consensus buy with $542 average target; Morgan Stanley Overweight $570; Scotiabank raised to $558; Wells Fargo raised to $515.",2026-03-22,454.0,-0.66,EXPIRED
2026-03-10,2026-03-10 01:00 UTC,KLAC,83,1442.00,Technology,$1420–$1460,"$1,375 – below 50-day EMA and recent pullback support","$1,600 – prior resistance zone / measured move","$1,693 – 52-week high retest",2.4:1,"KLA Corp has pulled back 14.8% from its $1,693 52-week high to test the 50-day EMA zone on elevated volume driven by sector-wide semiconductor weakness. Q2 FY2026 delivered record results (EPS $8.85, revenue $3.30B) with positive Q3 guidance driven by AI infrastructure buildout across foundry, HBM, and advanced packaging. The 50-day EMA support zone provides a defined entry with a 2.4:1 R:R to the $1,600 resistance target.","Heavy insider selling: CEO, CFO, and EVP all sold (12 trades, 0 purchases in 6 months) | Semiconductor sector geopolitical and tariff risk (China export restrictions) | Next earnings April 29, 2026 (~7 weeks) | Tech sector in correction mode","Q2 FY2026: EPS $8.85, revenue $3.30B (record, above guidance); FY2025 full-year revenue $12.745B (+17%), EPS +29% YoY. AI infrastructure capex driving demand across foundry/logic, DRAM, advanced packaging, and services. Positive Q3 FY2026 guidance. Analyst avg target $1,669; Zacks Rank #2 Buy.",2026-03-22,1498.67,3.93,EXPIRED
2026-03-11,2026-03-10 01:00 UTC,EME,87,704.00,Industrials,$695–$720,$678 – below 50-day EMA support and pullback swing low,$808 – Baird analyst target / prior resistance zone,$900 – DA Davidson target / measured move,4.2:1,EMCOR has pulled back 15.7% from its $835 52-week high to retest the 50-day EMA support zone near $695–$720 on declining volume. The structural AI data center buildout cycle continues to drive outsized demand with management raising FY2026 EPS guidance to $27.25–$29.25 following a strong Q4 2025 beat. The 50-day EMA retest offers a well-defined entry with exceptional R:R of 4.2:1 to the Baird analyst target.,CEO insider selling $26M March 5 (10b5-1 plan) | Next earnings April 23–29 2026 (~6–7 weeks) | Industrial sector tariff headwinds | Capital goods valuation compression risk,Q4 2025 EPS $7.19 beat $6.68 estimate; revenue $4.51B (+19.7% YoY). FY2026 guidance raised to $27.25–$29.25 EPS. UBS raised target to $945 (March 6); DA Davidson $900; Baird $808. Dominant mechanical and electrical contractor for AI data centers and grid infrastructure.,2026-03-24,763.50,8.45,EXPIRED
2026-03-11,2026-03-10 01:00 UTC,HUBB,86,478.76,Industrials,$470–$490,$455 – below 50-day EMA ($461) with buffer,$533 – analyst consensus target / prior resistance,$565 – Morgan Stanley raised target (March 11),3.6:1,Hubbell has pulled back from recent highs to test the 50-day EMA zone ($461) providing a defined entry with exceptional R:R. The company is a direct beneficiary of AI data center buildout (segment revenue >60% YoY in Q4) and grid infrastructure investment driven by the energy transition. Organic revenue grew 8.9% in Q4 2025 with operating margin expansion. Morgan Stanley raised price target to $565 on March 11 reinforcing institutional conviction in the setup.,Next earnings April 30 2026 (~7 weeks) | 2026 EPS guidance midpoint ($19.50) missed analyst estimates by 1.6% | Industrial sector tariff headwinds | Currently 3.7% above 50-day EMA – entry on dip toward $465–$475 preferred,Q4 2025 revenue $1.49B (+11.9% YoY); EPS $4.73 beat $4.70 estimate. FY2026 guidance $19.15–$19.85 EPS with 7–9% sales growth. Data center segment >60% YoY growth. Morgan Stanley raised target to $565. Analyst average target $533.,2026-03-24,489.07,2.15,EXPIRED
2026-03-11,2026-03-10 01:00 UTC,MCD,83,324.61,Consumer Discretionary,$320–$330,$314 – below 50-day EMA and recent pullback support,$341.75 – 52-week high retest,$354 – KeyBanc analyst target / measured move,2.8:1,McDonald's has pulled back 4.7% from its $341.75 52-week high to test the 50-day EMA support zone in an orderly consolidation. The stock sports a low beta of 0.50 offering relative stability in the current elevated-VIX market environment. A strong Q4 2025 beat (EPS $3.12 vs $3.05 comp sales +5.7%) and multiple analyst price target upgrades post-earnings support the fundamental backdrop. Value-menu and digital channel traction is driving customer frequency recovery.,Next earnings April 29–30 2026 (~7 weeks) | Moderating Q1 2026 comp sales expected vs strong Q4 | Consumer spending pressure in macro uncertainty | USD strength headwind on international revenues,"Q4 2025: EPS $3.12 beat $3.05 estimate; global comps +5.7%, U.S. +6.8%; revenue $7.01B beat $6.81B estimate. FY2026: ~2,600 new restaurants planned; 2.5% systemwide sales growth target. KeyBanc raised target to $354; Tigress Financial to $385. Beta 0.50 suits elevated-VIX environment.",2026-03-24,308.85,-4.86,STOPPED_OUT
2026-03-12,2026-03-10 01:00 UTC,WMT,85,124.57,Consumer Staples,$122–$127,$119 – below 50-day EMA ($121.63) with buffer,$134 – analyst consensus target zone,$147 – UBS / TD Cowen elevated price targets,1.7:1,"Walmart is pulling back to its rising 50-day EMA ($121.63) in a clean orderly consolidation following strong Q4 FY2026 results. Price at $124.57 sits just 2.4% above the 50-day EMA with neutral RSI (46.05), confirming healthy digestion rather than a breakdown. Consumer Staples sector is in strong relative favor as investors rotate defensively amid elevated VIX and geopolitical oil shock. Multiple analyst upgrades (UBS $147, TD Cowen $145) post Q4 reinforce institutional demand at these levels.",Next earnings May 14 2026 (~9 weeks) – ample trade development time | Erste Group downgraded to Hold March 5 (valuation at 47x P/E) | Consumer spending pressure if oil-driven inflation accelerates | USD strength headwind on international revenues,Q4 FY2026: EPS $0.74 beat $0.73 estimate; revenue $190.66B (+5.6% YoY). E-commerce profitable for first time; global e-commerce +22% YoY. FY2027 guidance $2.75–$2.85 EPS. Analyst consensus $134 target; UBS raised to $147; TD Cowen raised to $145. 30-31 buy ratings among 35 brokerages.,2026-03-25,122.05,-2.02,STOPPED_OUT
2026-03-12,2026-03-10 01:00 UTC,PM,82,166.84,Consumer Staples,$163–$170,$158 – below rising 50-day EMA ($163.48) with cushion,$185 – prior Feb 25 high / near-term resistance,$205 – analyst consensus (Barclays / Citi / Needham targets),2.1:1,"Philip Morris has pulled back 12.1% from its February 25 all-time high of $189.80 to $166.84 – testing the rising 50-day EMA zone. Beta of 0.39 makes PM one of the most defensive names in the S&P 500 and ideally positioned for the current geopolitical/elevated-VIX environment. Smoke-free products (IQOS heated tobacco, ZYN nicotine pouches) are accelerating with FY2026 organic revenue growth guidance of 5–7% above consensus. Multiple analyst targets of $200–$210 offer 20–26% upside from the 50-day EMA test.",Insider selling ~$28M in February 2026 (multiple insiders) | Next earnings April 21 2026 (~6 weeks away) | Jefferies downgraded to Hold in January 2026 | Regulatory risk on nicotine product classification | Market downtrend / elevated VIX damping broader risk appetite,Q4 2025: EPS $1.70 met estimates; FY2026 guidance EPS $8.38–$8.53 (above consensus $8.33); organic revenue growth 5–7%. Barclays raised target to $205 (Feb 23); Citigroup raised to $210 (Feb 10); Needham raised to $205 (Feb 10); Morgan Stanley Overweight $205. 1-year total return +29%.,2026-03-25,163.11,-2.24,EXPIRED
2026-03-12,2026-03-10 01:00 UTC,ETN,58,355.79,Industrials,$354–$363,$338 – below 50-day EMA ($355.79) with buffer,$384 – analyst consensus average target,$420 – high analyst targets / extended measured move,1.6:1,"Eaton's stock has pulled back to its 50-day EMA ($355.79) – a textbook test of key moving average support after a 6.5% decline from recent highs. ETN is a structural beneficiary of AI data center power management, EV charging infrastructure build-out, and utility grid upgrades, with FY2026 EPS guidance of $13.00–$13.50. The setup is technically clean at the 50-day EMA with defined risk; however the Industrial sector faces tariff headwinds that cap conviction, making this the lowest-scoring pick of the three.",Industrial sector tariff headwinds (~$2.6B estimated for ETN peer Caterpillar; similar exposure) | Q4 revenue slightly missed estimates ($7.06B vs $7.15B) | Next earnings late April 2026 (~7 weeks) | High forward P/E 26.7x in a risk-off environment | Confirmed market downtrend reduces sector conviction,Q4 2025: EPS $3.33 met consensus; revenue $7.06B (+10.3% YoY). FY2026 adj EPS guidance $13.00–$13.50 (vs FactSet estimate $13.49). Analyst average target $384.30 (Moderate Buy consensus). AI data center and grid electrification demand is a multi-year secular growth driver. Free cash flow growth declined 65.75% YoY – a monitoring risk.,2026-03-25,374.10,5.15,EXPIRED
2026-03-15,2026-03-10 01:00 UTC,COR,92,349.95,Healthcare,$348–$355,$337 – below rising 50-day MA ($347.51) with buffer,$377 – 52-week high resistance / near-term breakout target,$420 – analyst consensus target zone ($395–$447),3.0:1,"Cencora has pulled back from its $377.54 52-week high to retest the rising 50-day MA ($347.51) — at $349.95 the stock sits just $2.44 above the 50-day, offering a defined low-risk entry in a defensive healthcare distribution name. Multiple analyst upgrades post-Q1 FY2026 beat reinforce conviction (Leerink $447 Outperform; Wells Fargo $429; JPMorgan $419; Barclays $425). Healthcare distribution is a defensive sector well-positioned in the elevated-VIX environment, and the completed OneOncology acquisition is driving revenue growth above prior guidance. Stricter market filters applied given VIX ~30 and S&P 500 testing 200-day MA.",Next earnings May 6 2026 (~7.5 weeks) | Elevated valuation vs distribution peers | Oil-driven inflation could pressure healthcare supply chain costs | Broader market correction risk,Q1 FY2026: adj EPS $4.08 beat $4.05 estimate; revenue $85.9B (+5.5% YoY); adj operating income +11.9% YoY. FY2026 EPS guidance $17.45–$17.75 reaffirmed; revenue growth raised to 7–9% (from 5–7%). Analyst consensus Buy rating; average target $395.23 (13 analysts). Leerink Outperform $447; Wells Fargo $429; JPMorgan $419; Barclays $425.,2026-03-30,311.65,-10.95,STOPPED_OUT
2026-03-15,2026-03-10 01:00 UTC,EME,86,709.91,Industrials,$695–$720,$678 – below 50-day SMA ($703.51) and pullback swing low,$808 – Baird analyst target / prior resistance zone,$945 – UBS analyst target / extended measured move,3.1:1,"EMCOR has pulled back 15% from its $835 52-week high to retest the 50-day SMA ($703.51) — sitting just 0.9% above support at $709.91 on declining volume after an orderly correction from all-time highs. Q4 FY2025 was exceptional (EPS $9.66 beat estimate of $6.68; revenue $4.51B +19.7% YoY) with FY2026 EPS guidance of $27.25–$29.25. EMCOR is the dominant mechanical and electrical contractor for AI data center infrastructure — a structural multi-year demand cycle — with UBS targeting $945 and DA Davidson $900, offering a compelling 3.1:1 R:R from the 50-day SMA retest.","CEO insider selling $26M (March 5 2026, 10b5-1 pre-planned program) | Next earnings April 23–29 2026 (~6 weeks) | Industrial sector tariff headwinds | Capital goods valuation compression in risk-off market | VIX ~30 elevated market backdrop",Q4 FY2025: EPS $9.66 beat $6.68 estimate; revenue $4.51B (+19.7% YoY). FY2026 EPS guidance raised to $27.25–$29.25; revenue guidance $17.8–$18.5B. UBS raised target to $945 (March 6); DA Davidson $900; Baird $808. AI data center electrical and mechanical contracting demand is the dominant secular growth driver.,2026-03-30,732.89,3.24,EXPIRED
2026-03-15,2026-03-10 01:00 UTC,KLAC,83,1418.64,Technology,$1415–$1450,$1375 – below 50-day SMA ($1461) and recent pullback support,$1600 – prior resistance zone / measured move target,$1900 – Oppenheimer and Wells Fargo analyst target,4.0:1,"KLA Corp has pulled back 16% from its $1,693 52-week high and is testing the 50-day SMA support zone — at $1,418.64 the stock is 2.9% below the SMA ($1,461), creating a defined re-entry with fresh positive catalysts. On March 12, KLA's Investor Day announced a $7 billion share repurchase program and a 21% quarterly dividend increase while reaffirming Q3 FY2026 guidance; Oppenheimer and Wells Fargo simultaneously raised price targets to $1,900 (34% upside). AI infrastructure capex is driving record process control demand across foundry, DRAM, and advanced packaging. Entry at the low end of the range ($1,415–$1,420) with stop at $1,375 delivers a 4:1 R:R to the $1,600 resistance target.","Multiple insider sellers: CEO, CFO, EVP (12 trades, 0 purchases in 6 months) | Next earnings ~late April 2026 (~6 weeks) | Technology sector in correction mode / semiconductor geopolitical risk (China export controls) | High beta in risk-off VIX ~30 environment","Q2 FY2026: revenue $3.30B (record, beat guidance); non-GAAP EPS $8.85. FY2025: revenue $12.745B (+17% YoY), EPS +29% YoY, gross margins 62.8%, operating margins 43.6%. Investor Day (March 12): $7B share repurchase + 21% quarterly dividend increase + Q3 guidance reaffirmed. Oppenheimer and Wells Fargo raised targets to $1,900.",2026-03-30,1394.41,-1.71,STOPPED_OUT
2026-03-16,2026-03-10 01:00 UTC,COR,93,349.95,Healthcare,$348–$355,$337 – below rising 50-day MA ($347.51) and prior support,$377 – 52-week high resistance / near-term breakout,$420 – analyst consensus target zone ($395–$447),2.3:1,"Cencora holds its 50-day MA pullback zone for the second consecutive session — at $349.95 the stock sits just $2.44 above the 50-day MA ($347.51), offering a defined low-risk entry in a defensive healthcare distribution name. The completed OneOncology acquisition is driving revenue guidance upgrades and multiple analyst price target raises. Volume has been declining on the pullback confirming healthy consolidation rather than institutional exit.",Next earnings May 6 2026 (~7 weeks) | Healthcare supply chain inflation risk | Elevated valuation vs distribution peers | Broader market correction risk (S&P 500 below 200-day MA),Q1 FY2026 beat: adj EPS $4.08 vs $4.05 estimate; revenue $85.9B (+5.5% YoY); adj operating income +11.9% YoY. FY2026 revenue growth guidance raised to 7–9% (from 5–7%). Analyst consensus Buy; Leerink $447 Outperform; Wells Fargo $429; JPMorgan $419; Barclays $425.,2026-03-30,311.65,-10.95,STOPPED_OUT
2026-03-16,2026-03-10 01:00 UTC,PEG,85,83.00,Utilities,$81–$84,$79 – below converging 50-day SMA ($81.37) and 200-day SMA ($81.59) support zone,$91 – 52-week high ($91.26) retest,$96 – Evercore ISI Outperform price target (raised March 5 2026),2.5:1,"PSEG is consolidating in a tight range just above its converging 50-day SMA ($81.37) and 200-day SMA ($81.59) following an orderly 9% pullback from its $91.26 52-week high. Evercore ISI upgraded to Outperform with a $96 price target on March 5, providing a fresh upside catalyst. Ultra-low beta (0.35) and strong utilities sector defensive rotation in the current confirmed S&P 500 downtrend make PEG a standout risk-adjusted opportunity.",2026 EPS guidance midpoint $4.34 slightly below analyst consensus $4.40 | Regulatory rate case risk | Breakout above 52-week high $91.26 needed for T2 | Broad market derisking pressure if recession fears escalate,"FY2025 adj EPS $4.05 (vs $3.68 in 2024, +10% YoY). Q4 2025 revenue $2.92B beat estimates. 2026 guidance $4.28–$4.40 EPS. $24–28B capital plan 2026–2030. Dividend raised 6% to $2.68 annually. Evercore ISI upgraded to Outperform with $96 target (March 5 2026). Beta 0.35.",2026-03-30,81.54,-1.76,EXPIRED
2026-03-16,2026-03-10 01:00 UTC,VRTX,78,469.34,Healthcare,$462–$480,$430 – below 200-day MA ($432) with buffer,$542 – analyst consensus target (Moderate Buy; 22 Buy/5 Hold),$570 – Morgan Stanley Overweight price target,2.1:1,Vertex Pharmaceuticals has pulled back from near-$500 levels to retest its 50-day EMA ($465–466) zone at $469.34 — a defined entry in a confirmed healthcare uptrend. A positive Phase 3 IgA nephropathy trial announced March 9 (disease marker reduced by half) provides a near-term pipeline catalyst beyond the core cystic fibrosis franchise. Healthcare sector defensive rotation and low correlation to the broader market correction support the trade thesis.,Significant insider selling $77.9M over 90 days (multiple EVPs and CAO) | Q4 EPS slight miss ($5.03 vs $5.05 estimate) | Next earnings May 4 2026 (~7 weeks) | Premium valuation 37x forward P/E | Pipeline binary risk,"Q4 2025 revenue $3.19B (+9.5% YoY), EPS $5.03 (slight miss vs $5.05). Positive Phase 3 IgA nephropathy trial (March 9): disease marker reduced by half. Analyst consensus Moderate Buy; avg target $542 (22 Buy/5 Hold from 27 analysts). Morgan Stanley Overweight $570; Scotiabank $558; Wells Fargo $515.",2026-03-30,439.65,-6.33,EXPIRED
2026-03-17,2026-03-17 01:00 UTC,CL,96,90.30,Consumer Staples,$88–$92,$85.50 – below 50-day MA zone with buffer,$97 – JPMorgan analyst target / near-term resistance,$105 – BofA/Citi analyst targets / measured move,3.1:1,Colgate-Palmolive has pulled back 9.1% from its $99.33 52-week high to retest the 50-day MA ($89.89) — at $90.30 the stock sits just $0.41 above this key support level in a clean orderly consolidation. The Consumer Staples sector is firmly in favor amid defensive rotation in the current S&P 500 downtrend and elevated VIX. A recent institutional buy (DoubleLine ETF Adviser March 15) and 63 consecutive annual dividend increases (raised to $0.53 March 13) reinforce fundamental conviction. Multiple analyst targets of $97–$105 offer 7–16% upside with a 3.1:1 R:R from the 50-day MA retest.,Next earnings April 23 2026 (~5.4 weeks) | USD strength headwind on international revenues (EM exposure) | Consumer spending pressure if oil-driven inflation accelerates | Barclays Equal Weight with $88 target below current price | Broader market correction risk,"Q4 2025 beat: EPS $0.95 vs $0.91 estimate; revenue $5.23B (+5.8% YoY). FY2026 guidance: organic sales growth 1–4%, net sales 2–6%. 2030 Strategy launched (brand investment, digital, innovation). BofA raised target to $105; Citi to $105; Goldman Sachs $100; Morgan Stanley raised to $100 from $87. YTD gain +22.6% reflects improving fundamentals. 63 consecutive years of dividend increases.",2026-03-30,85.78,-5.01,STOPPED_OUT
2026-03-17,2026-03-17 01:00 UTC,ALL,88,207.81,Financials,$205–$210,$198 – below 200-day MA ($202.29) with buffer,$244 – median analyst target / resistance zone,$260 – Raymond James Strong Buy target,3.7:1,"Allstate is pulling back to its 50-day MA zone from near all-time highs ($216.75 ATH March 4), offering a defined low-risk entry in a highly defensive insurance name. A massive Q4 2025 EPS beat (45.7% above estimate) with lower catastrophe losses and improving underwriting margins provides exceptional fundamental conviction. The Insurance sector is firmly in favor during the current confirmed S&P 500 downtrend and US-Iran geopolitical uncertainty. Median analyst target of $244 offers 17% upside with a compelling 3.7:1 R:R from the 200-day MA stop.",Next earnings April 29 2026 (~6 weeks) | Catastrophe exposure in elevated weather volatility environment | Goldman Sachs maintains Neutral $231 (March 5) | Insurance cycle softening risk | Broader market correction risk,"Q4 2025: adj EPS beat estimates by 45.7%; P&C premiums +6.3% YoY; lower catastrophe losses vs prior year. FY2026: EPS +7.7% consensus, revenue +5.4%. Raymond James Strong Buy $260 (March 3 2026); Mizuho $281; analyst median $244. 200-day MA at $202.29 provides firm technical backstop. Digitally-enabled products expected to drive profitable policy growth.",2026-03-30,207.01,-0.38,EXPIRED
2026-03-17,2026-03-17 01:00 UTC,DOV,86,211.92,Industrials,$208–$216,$197 – below 50-day MA support and recent pullback swing low,$230 – Wells Fargo analyst target / near-term resistance,$262 – Wolfe Research Outperform target / extended measured move,3.4:1,"Dover has pulled back 10.4% from its $237.54 52-week high to retest the 50-day MA zone — a textbook momentum continuation setup in a diversified industrial compounder with a 68-year dividend growth streak. Q4 2025 organic growth reached 5.0% (strongest of the year) with consolidated bookings rising 10.3% YoY to $2.14B, signaling short-cycle industrial recovery acceleration. Wells Fargo upgraded to Overweight with $230 target on March 17 and CEO Richard Tobin is presenting at the JPMorgan Industrials Conference today, providing fresh institutional catalysts at precisely the 50-day MA support zone.",Q1 2026 earnings April 23 2026 (~5.4 weeks) | Industrials sector tariff headwinds (reciprocal tariff uncertainty) | Geopolitical risk to industrial capex spending | Capital goods valuation compression in risk-off markets | Broader S&P 500 downtrend context,Q4 2025: organic growth 5.0% (strongest of year); bookings $2.14B (+10.3% YoY). FY2026 adj EPS guidance $10.45–$10.65 (double-digit growth at midpoint). FCF $1.12B in 2025; $500M ASR ongoing. Wells Fargo Overweight $230 (March 17 upgrade); Wolfe Research Outperform $262; JPMorgan Overweight $240; Goldman Sachs Buy $224. 68-year dividend growth streak.,2026-03-30,202.34,-4.52,EXPIRED
2026-03-19,2026-03-17 01:00 UTC,ALL,97,204.38,Financials,$202–$207,$196.50 – below 200-day MA support with buffer,$244 – median analyst target / near-term resistance,$260 – Raymond James Strong Buy target,5.0:1,Allstate has pulled back 5.7% from its all-time high of $216.75 (March 4) to retest the 200-day MA support zone at $202.29 — at $204.38 the stock is just $2 above this key long-term support. Insurance sector is firmly in favor amid defensive rotation in the confirmed S&P 500 downtrend (below 200-day MA) and VIX 27.18. Low beta (~0.65) makes ALL a standout risk-adjusted opportunity with exceptional 5.0:1 R:R to the median analyst target of $244.,Next earnings April 29 2026 (~6 weeks) | Catastrophe exposure in elevated weather volatility | Goldman Sachs Neutral $231 (March 5) | Insurance cycle softening risk | Broader S&P 500 downtrend,Q4 2025: adj EPS beat estimates by 45.7%; P&C premiums +6.3% YoY; lower catastrophe losses vs prior year. FY2026: EPS +7.7% consensus. Raymond James Strong Buy $260 (March 3); Mizuho $281; analyst median $244. 200-day MA at $202.29 provides firm technical backstop.,2026-04-01,204.79,0.20,EXPIRED
2026-03-19,2026-03-17 01:00 UTC,CINF,91,160.20,Financials,$158–$164,$152.50 – below 50-day SMA ($163.65) with comfortable buffer,$177 – consensus analyst price target,$191 – Keefe Bruyette & Woods Buy target,2.2:1,Cincinnati Financial has pulled back 3.9% from its March 16 close of $166.57 to retest the 50-day SMA zone ($163.65) — at $160.20 the stock sits 2.1% below the 50-day in an orderly consolidation. The Q4 2025 earnings beat of 18% above estimates drives institutional conviction with Norges Bank opening a $235.7M new position and Dimensional Fund Advisors increasing its stake. The Insurance sector's defensive characteristics suit the confirmed S&P 500 downtrend environment.,Next earnings April 23–27 2026 (~5 weeks) | Property/casualty catastrophe exposure | Interest rate sensitivity | Market downtrend risk | Premium growth dependent on new policy sales,Q4 2025 EPS $3.37 beat estimate $2.86 by 18.04%; revenue $3.09B +21.8% YoY. Full-year 2025 net income +4.4% YoY. 65-year dividend growth streak; dividend increased 8% to $0.94/share in January 2026. KBW $191 Outperform; BofA Strong Buy $186; Roth Capital Strong Buy $175; consensus Strong Buy.,2026-04-01,158.01,-1.37,EXPIRED
2026-03-19,2026-03-17 01:00 UTC,GL,91,137.62,Financials,$135–$141,$130.50 – below 50-day SMA area and recent swing low,$170 – Wells Fargo raised target / analyst resistance zone,$181 – JPMorgan and Truist analyst targets,4.5:1,Globe Life has sold off 6.3% from its February high of $146.95 to $137.62 creating an entry at the 50-day EMA support zone. The life and health insurance business model provides stable cash flows largely uncorrelated to equity market volatility — a key advantage in the confirmed S&P 500 downtrend. EPS grew 10.4% YoY in Q4 2025 despite a minor $0.05 miss vs consensus with FY2026 net operating income guidance of $14.95–$15.65 per share. The exceptional 4.5:1 R:R to the $170 analyst target zone makes this a highly asymmetric setup.,Q4 2025 EPS slight miss ($3.39 vs $3.44 est) – modest fundamental overhang | Next earnings April 29 2026 (~6 weeks) | Historical short-seller reputational risk (Fuzzy Panda 2023–2024) | Life insurance mortality risk | Broad market derisking pressure,Q4 2025 EPS $3.39 up 8% YoY; premium revenues grew 5% YoY. FY2026 net operating income guidance $14.95–$15.65 EPS. Wells Fargo raised target to $171 (Feb 25); Truist raised to $180 (Feb 6); JPMorgan $181; TD Cowen $199. Institutional buying: Victory Capital increased stake March 2026.,2026-04-01,140.35,1.98,EXPIRED
2026-03-22,2026-03-17 01:00 UTC,ALL,95,205.62,Financials,$202–$208,$196.50 – below 200-day MA with buffer,$244 – median analyst target / near-term resistance,$260 – Raymond James Strong Buy target,4.2:1,"Allstate is consolidating just above its 200-day MA ($202.29) after a 5.1% pullback from its $216.75 all-time high, offering a defined low-risk entry in a highly defensive insurance name. A massive Q4 2025 earnings beat (45.7% above estimates) with improving underwriting margins and low catastrophe losses provides exceptional fundamental conviction. In the confirmed S&P 500 downtrend (below 200-day MA), low beta (~0.65) Insurance sector outperformance makes ALL a standout risk-adjusted position with 4.2:1 R:R to the median analyst target.",Next earnings April 29 2026 (~5.4 weeks) | Catastrophe exposure in elevated weather volatility | Goldman Sachs maintains Neutral $231 | Mizuho lowered target to $265 (still Outperform) | S&P 500 confirmed downtrend / broad market risk,Q4 2025: adj EPS beat estimates by 45.7%; P&C premiums +6.3% YoY; lower catastrophe losses vs prior year. FY2026: EPS +7.7% consensus growth. Raymond James Strong Buy $260 (March 3 2026); Mizuho Outperform $265; analyst median $244. Market cap ~$55B. Beta ~0.65.,,,,
2026-03-22,2026-03-17 01:00 UTC,CINF,91,158.43,Financials,$155–$163,$152.50 – below 50-day SMA zone and recent pullback support,$177 – analyst consensus target / near-term resistance,$191 – Keefe Bruyette & Woods Outperform target,3.1:1,Cincinnati Financial has pulled back from its March 16 close of $166.57 to $158.43 — testing below the 50-day SMA support zone ($163.65) in an orderly consolidation. A Q4 2025 earnings beat of 18% above estimates ($3.37 vs $2.86 estimate) combined with $235.7M in new Norges Bank institutional buying signals strong accumulation at these levels. The 65-year dividend growth streak and defensive insurance sector positioning suit the confirmed S&P 500 downtrend environment with a 3.1:1 R:R.,Next earnings April 23–27 2026 (~4.5 weeks – closer than preferred) | Property/casualty catastrophe exposure | Interest rate sensitivity | Analyst consensus is Hold | Broader market correction risk,Q4 2025 EPS $3.37 beat $2.86 estimate by 18.04%; revenue $3.09B +21.8% YoY. Full-year 2025 net income +4.4% YoY. 65-year dividend growth streak; dividend raised 8% to $0.94/share Jan 2026. KBW Outperform $191; BofA Strong Buy $186; Roth Capital Strong Buy $175; Norges Bank opened $235.7M new position.,,,,
2026-03-22,2026-03-17 01:00 UTC,GL,81,136.80,Financials,$133–$140,$130.50 – below 50-day EMA zone and recent swing low,$170 – Wells Fargo raised analyst target / prior resistance,$181 – JPMorgan and Truist analyst targets,5.3:1,"Globe Life has pulled back to the 50-day EMA support zone at $136.80, creating an exceptional 5.3:1 R:R entry in a defensive life and health insurer. The business model provides stable cash flows largely uncorrelated to equity market volatility — a key advantage in the confirmed S&P 500 downtrend. Wells Fargo raised its target to $171 on Feb 25 and Victory Capital increased its stake in March 2026, providing institutional conviction behind the setup.","Q4 2025 EPS slight miss ($3.39 vs $3.44 est) | Next earnings April 29 2026 (~5.4 weeks) | Historical short-seller reputational risk (Fuzzy Panda 2023–2024, largely resolved) | Life insurance mortality risk | Broad market derisking pressure",Q4 2025 EPS $3.39 up 8% YoY; premium revenues grew 5% YoY. FY2026 net operating income guidance $14.95–$15.65 EPS. Wells Fargo raised target to $171 (Feb 25 2026); Truist raised to $180; JPMorgan $181; TD Cowen $199. Victory Capital increased stake March 2026.,,,,
2026-03-23,2026-03-17 01:00 UTC,ALL,100,205.62,Financials,$202–$208,$196.50 – below converging 50-day/200-day MA support zone with buffer,$244 – median analyst target / near-term resistance,$265 – Mizuho raised price target March 20 2026,4.2:1,"Allstate is testing the confluence of its rising 50-day MA ($204.80) and 200-day MA ($203.38) at $205.62 — a double support zone after a 5.1% pullback from the $216.75 all-time high. The pullback has been orderly on declining volume, confirming institutional accumulation rather than distribution. Insurance sector is outperforming amid defensive rotation in the confirmed S&P 500 downtrend (below 200-day MA). Mizuho raised its target to $265 on March 20 reinforcing fresh institutional conviction at the moving average support zone.","Next earnings April 29 2026 (~5.4 weeks) | Goldman Sachs maintains Neutral $231 | VIX 25.26 elevated with intraday range 20.28–31.04 | Catastrophe exposure in elevated weather volatility environment | Broader S&P 500 confirmed downtrend","Q4 2025 adj EPS beat estimates by 45.7%; P&C premiums +6.3% YoY; lower catastrophe losses vs prior year. FY2026 consensus EPS +7.7% growth. Mizuho Outperform $265 (raised March 20 2026); Raymond James Strong Buy $260; analyst median $244. Beta ~0.65.",,,,
2026-03-23,2026-03-17 01:00 UTC,GL,94,136.85,Financials,$133–$140,$130.50 – below 50-day EMA support zone and recent swing low,$170 – Wells Fargo analyst target / prior resistance zone,$181 – JPMorgan and Truist analyst targets,5.2:1,"Globe Life holds the 50-day EMA support zone at $136.85 for the second consecutive session with JPMorgan Chase lifting its position today (March 23) confirming institutional accumulation. The defensive life and health insurance model provides cash flows largely uncorrelated to equity market volatility — a key advantage in the confirmed S&P 500 downtrend. An exceptional 5.2:1 R:R to the Wells Fargo analyst target of $170 makes this a standout asymmetric opportunity. Wells Fargo raised its target within the last 30 days (Feb 25) adding analyst conviction.","Q4 2025 EPS slight miss ($3.39 vs $3.44 est) | Next earnings April 29 2026 (~5.4 weeks) | Historical short-seller reputational risk (Fuzzy Panda 2023–2024 largely resolved) | Life insurance mortality risk | Broad market derisking pressure","Q4 2025 EPS $3.39 up 8% YoY; premium revenues grew 5% YoY. FY2026 net operating income guidance $14.95–$15.65 EPS. Wells Fargo raised target to $171 (Feb 25 2026); Truist $180; JPMorgan $181; TD Cowen $199. JPMorgan Chase lifted position March 23 2026.",,,,
2026-03-23,2026-03-17 01:00 UTC,CINF,93,160.50,Financials,$155–$163,$152.50 – below 50-day SMA zone and recent pullback support,$177 – analyst consensus target / near-term resistance,$191 – KBW Outperform target,3.5:1,"Cincinnati Financial has pulled back 2.6% below the 50-day SMA ($163.65) to ~$160.50, presenting a defined entry with a 3.5:1 R:R to the analyst consensus target of $177. Institutional accumulation is accelerating: Swiss Life purchased shares March 22 and Regal Investment Advisors purchased March 14. The 65-year dividend growth streak and Q4 2025 earnings beat of 18% above estimates ($3.37 vs $2.86) provide strong fundamental conviction. Insurance sector outperformance in the confirmed S&P 500 downtrend enhances the risk-adjusted case.","Next earnings April 23–27 2026 (~4.4 weeks — relatively close to 3-week filter) | Property/casualty catastrophe exposure | Analyst consensus is Hold despite strong fundamentals | Interest rate sensitivity | Broader market correction risk; S&P 500 below 200-day MA","Q4 2025 EPS $3.37 beat $2.86 estimate by 18.04%; revenue $3.09B +21.8% YoY. 65-year dividend growth streak; dividend raised 8% to $0.94/share (Jan 2026). KBW Outperform $191; BofA Strong Buy $186; Roth Capital Strong Buy $175. Swiss Life purchased shares March 22 2026; Regal Investment purchased March 14 2026.",,,,
2026-03-24,2026-03-24 01:00 UTC,TJX,83,156.50,Consumer Discretionary,$154–$159,$153.00 – below rising 50-day SMA ($155.62) with buffer,$169 – analyst consensus target / near-term resistance,$185 – BTIG analyst target / measured move,3.6:1,"TJX Companies has pulled back to its rising 50-day SMA ($155.62) in an orderly consolidation after reaching a 52-week high of $162.68. The stock sits just $0.88 above the 50-day at $156.50 on declining volume — a textbook momentum pullback in the S&P 500's dominant off-price retailer. Off-price retail is a structural outperformer in recessionary and elevated-VIX environments as consumers trade down, making TJX a natural defensive rotation target. Q4 FY2026 delivered a record $17.74B revenue beat with EPS of $1.43 vs $1.38 expected. Next earnings not until May 20 — ample time for the trade to develop.","CEO Herrman sold 30,000 shares March 2 ($4.8M) | Consumer Discretionary headwinds if recession deepens | Tariff impact on merchandise sourcing | Broader S&P 500 confirmed downtrend (below 200-day MA)","Q4 FY2026: EPS $1.43 beat $1.38 estimate; revenue $17.74B beat $17.36B estimate (+5.9% YoY). Record $60B full-year revenue milestone. FY2027 guided to strong growth. Analyst consensus Strong Buy (15 of 16 analysts); average target $169; BTIG $185; Barclays $183. 91% institutional ownership; Norges Bank and Vanguard increased stakes.",,,,
2026-03-24,2026-03-24 01:00 UTC,HSY,81,215.17,Consumer Staples,$210–$218,$201.00 – below rising 50-day EMA zone with buffer,$243 – Morgan Stanley Overweight target / prior resistance,$255 – Evercore ISI raised target / measured move,2.0:1,"Hershey has surged 21% year-to-date to $215.17 as the cocoa crisis moderates and margin recovery accelerates — the stock is now pulling back to test its rapidly rising 50-day EMA (estimated ~$205-210) in an orderly consolidation. FY2026 adj EPS guidance of $8.20–$8.52 represents 30–35% growth driven by cocoa cost normalization and the Agility & Automation savings program. Consumer Staples is the top defensive sector in the current confirmed S&P 500 downtrend. Q4 2025 results significantly beat consensus (EPS $1.71 vs $1.40) and Evercore ISI raised target to $255.","Hershey Trust sold ~$8.6M in shares March 16–20 (10,000 shares/day at $210–$220) | CFO and EVP recent sales | Cocoa prices could re-accelerate | Next earnings April 30 2026 (~37 days) | Consumer spending pressure if recession deepens","Q4 2025: EPS $1.71 beat $1.40 estimate; revenue $3.09B beat $2.98B. FY2026 guidance adj EPS $8.20–$8.52 (+30–35% YoY). Dividend raised to $1.452/qtr ($5.81 annualized; ~2.7% yield). Evercore ISI raised target to $255; Morgan Stanley Overweight $247; Piper Sandler Overweight $249; Bernstein $250. Cocoa spot at ~$4,110/ton (vs >$10,000 in 2025).",,,,
2026-03-24,2026-03-24 01:00 UTC,CINF,81,160.19,Financials,$157–$163,$152.50 – below 50-day SMA zone and recent pullback support,$177 – analyst consensus target / near-term resistance,$191 – KBW Outperform target,2.2:1,"Cincinnati Financial continues to consolidate 2.1% below the 50-day SMA ($163.65) at $160.19 — the pullback from the March 16 close of $166.57 has been orderly on declining volume. With a 65-year dividend growth streak, an 18% Q4 2025 earnings beat ($3.37 vs $2.86 estimate), and the Insurance sector as the top defensive rotation target in the confirmed S&P 500 downtrend, CINF offers a compelling risk-adjusted entry. Institutional accumulation accelerating: Swiss Life purchased March 22, Marshall Financial opened a new position March 24.","Next earnings April 23–27 2026 (~30–34 days — close to the 3-week threshold but outside it) | Property/casualty catastrophe exposure | Analyst consensus is Hold (despite strong buy ratings from KBW, BofA, Roth Capital) | Interest rate sensitivity | S&P 500 below 200-day MA — broad derisking risk","Q4 2025 EPS $3.37 beat $2.86 estimate by 18.04%; revenue $3.09B +21.8% YoY. Full-year 2025 net income +4.4% YoY. 65-year dividend growth streak; dividend raised 8% to $0.94/share (Jan 2026). KBW Outperform $191; BofA Strong Buy $186; Roth Capital Strong Buy $175; analyst consensus $174.33. Marshall Financial opened new position March 24 2026; Swiss Life purchased March 22 2026.",,,,
2026-03-25,2026-03-25 01:00 UTC,TT,100,430.08,Industrials,$425–$434,$400.00 – below 50-day MA ($428.45) and Keltner lower channel,$480.00 – analyst consensus target (Melius Research Buy),$525.00 – Citigroup raised target / measured move,3.2:1,"Trane Technologies is testing its 50-day MA ($428.45) at $430.08 — sitting just $1.63 above this key support in a clean orderly consolidation from its $479.37 52-week high. Volume is below the 1.58M average at 1.18M, confirming healthy digestion. Q4 2025 delivered an organic bookings surge of +22% (Americas Commercial HVAC +35%), pushing backlog to a record $7.8B (+15% YoY). The DOE commercial rooftop HVAC units moved to field trials on March 25, providing a fresh near-term catalyst. FY2026 guidance of $14.65–$14.85 adj EPS (+10% YoY) is well-supported by AI data center and climate-control structural demand. Melius Research upgraded to Buy $490 and Citi raised to $525 in January 2026, providing strong analyst conviction at the 50-day MA retest.","Next earnings April 29 2026 (~35 days — outside 3-week filter) | FY2026 EPS guidance midpoint $14.75 slightly below analyst consensus $14.79 | Industrial sector tariff headwinds | High beta (1.3x) in elevated-VIX environment | Broader S&P 500 confirmed downtrend","Q4 2025: adj EPS $2.86 beat $2.81 estimate; revenue $5.14B beat $5.11B (+5.5% YoY). FY2025 revenues $21.3B (+7% reported, +6% organic). Record backlog $7.8B (+15% YoY). FY2026 guidance $14.65–$14.85 adj EPS. Melius Research upgraded to Buy $490; Citigroup raised to $525 (Buy); analyst consensus $484.67 target (Moderate Buy, 17 brokerages). DOE rooftop HVAC field trials began March 25.",,,,
2026-03-25,2026-03-25 01:00 UTC,HWM,97,242.27,Industrials,$238–$246,$228.00 – below 50-day MA ($236.37) with buffer,$275.00 – BTIG analyst target / near-term resistance,$315.00 – Jefferies Financial Group analyst target,5.2:1,"Howmet Aerospace has pulled back from near its 52-week high to test the 50-day MA zone ($236.37) — at $242.27 the stock sits $5.90 above the 50-day in a clean bullish structure. The company is a direct beneficiary of the global commercial aerospace cycle recovery, with Q4 2025 EPS of $1.05 beating the $0.97 estimate (+8.25%) and revenue of $2.17B growing 14.6% YoY. FY2026 guidance of $4.35–$4.55 EPS represents ~20% growth. KeyCorp initiated coverage with a new Buy-equivalent rating on March 25, adding fresh institutional sponsorship. Analyst targets of $275–$315 offer 14–30% upside from the 50-day MA retest with a 5.2:1 R:R to the BTIG target.","Next earnings April 29–30 2026 (~35 days — outside 3-week filter) | Aerospace supply chain constraints (titanium, specialty alloys) | Geopolitical risk to defense/aerospace spending | High valuation premium after strong multi-year run | Broader market correction risk","Q4 2025: EPS $1.05 beat $0.97 estimate (+8.25%); revenue $2.17B (+14.6% YoY). FY2026 guidance $4.35–$4.55 EPS (~20% growth). Howmet supplies jet engine components and fasteners to Boeing/Airbus. KeyCorp initiated coverage March 25 2026; Jefferies $315 Buy; BTIG $275 Buy; Royal Bank of Canada $300; Deutsche Bank $278; Truist $280. 83% earnings beat ratio over last 40 quarters.",,,,
2026-03-25,2026-03-25 01:00 UTC,WAB,93,248.89,Industrials,$245–$255,$228.00 – below 50-day SMA (~$242) and recent pullback swing low,$308.00 – KeyBanc raised analyst target,$290.00 – Stephens analyst target / measured move,2.8:1,"Wabtec has pulled back to the 50-day SMA zone (~$241–$244) — at $248.89 the stock is sitting just above this key support level in an orderly consolidation from its 52-week highs. A record multi-year backlog of $27B (+23% YoY) and Q4 2025 beat (EPS $2.10 vs $2.08) with FY2026 EPS guidance of $10.05–$10.45 ($12B+ revenue) provide exceptional fundamental visibility. The Union Pacific $1.2B locomotive modernization agreement signed in Q4 and $2B+ in pipeline conversions signal a multi-year demand inflection. Zacks upgraded to Buy and Stephens raised to $290 post Q4. Freight rail infrastructure is a defensive-leaning sector with strong multi-year visibility.","CEO insider selling $282K March 9 (1,163 shares); total $8.16M insider sales over 90 days | Next earnings April 22 2026 (~28 days — outside 3-week filter) | Freight volume tied to broader economic cycle | Tariff-related capex delays from Class I railroads | Broader S&P 500 confirmed downtrend","Q4 2025: EPS $2.10 beat $2.08 estimate; revenue $2.97B (+14.8% YoY). FY2026 guidance $10.05–$10.45 adj EPS; revenue $12.19–$12.49B (both above consensus). Record backlog $27B (+23% YoY); 12-month backlog $8.2B (+7%). Union Pacific $1.2B AC4400 modernization agreement signed. Zacks #2 Buy rating; Stephens raised to $290; KeyBanc raised to $308; $1.2B share repurchase authorized.",,,, 
2026-03-26,2026-03-25 00:40 UTC,ALL,100,206.71,Financials,$203-$208,$196.50 - below converging 50-day/200-day MA support zone with buffer,$244.00 - median analyst target / near-term resistance,$265.00 - Mizuho Outperform raised target,5.2:1,"Allstate is testing the precise confluence of its rising 50-day MA ($204.80) and 200-day MA ($204.76) at $206.71 — one of the most defined pullback entries in the S&P 500. The stock has pulled back 4.6% from its $216.75 all-time high on orderly declining volume and has beta of 0.21 — by far the most defensively positioned major insurer in the universe. A massive Q4 2025 EPS beat of 45.7% above estimates with improving underwriting margins and the lowest catastrophe losses in recent years provides exceptional fundamental conviction. Insurance sector is firmly the top defensive rotation play in the confirmed S&P 500 downtrend. The 5.2:1 R:R to the Mizuho $265 target is exceptional.","Next earnings April 29 2026 (~33 days — outside 3-week filter) | Catastrophe exposure in elevated weather volatility | Privacy lawsuit (cellphone tracking) ordered to face trial | Goldman Sachs maintains Neutral $231 | S&P 500 confirmed downtrend risk","Q4 2025: adj EPS $14.31 beat consensus $8.72 by 45.7%; P&C premiums +6.3% YoY; revenue $17.35B +5.1% YoY; net income +120.3% YoY. FY2026 EPS consensus +7.7% growth. 8% dividend increase to $1.08/share (2.1% yield). Mizuho Outperform $265 (raised March 20 2026); Raymond James Strong Buy $260; analyst consensus Buy target $225.94. Beta 0.21 — lowest in insurance sector.",,,,
2026-03-26,2026-03-25 00:40 UTC,CB,90,324.84,Financials,$320-$328,$308.00 - below 50-day SMA ($320.92) and prior support zone,$340.00 - prior 52-week high resistance,$385.00 - Citigroup Buy analyst target,3.6:1,"Chubb has pulled back from its $345.67 52-week high to the 50-day SMA zone ($320.92) — at $324.84 the stock sits just $3.92 above key support in an orderly consolidation. A major positive catalyst emerged March 20: Chubb was selected as the lead U.S. insurer for the $20B DFC Gulf Maritime Reinsurance Plan to insure shipping through the Strait of Hormuz — directly monetizing the Hormuz Crisis geopolitical environment. Q4 2025 EPS beat ($7.52 vs $6.33 estimate; +18.8%) and record underwriting margins confirm the fundamental thesis. World's largest publicly traded P&C insurer with beta 0.49 suits the elevated-VIX environment.","Next earnings April 21 2026 (~26 days — just outside 3-week filter) | Director insider selling $658K March 19 | Insiders net sellers: 6 trades all sells in 6 months ($55.6M total) | Gulf maritime program execution risk | Broader market confirmed downtrend","Q4 2025: EPS $7.52 beat $6.33 estimate (+18.8%); revenue up 6.5% YoY; net income +11.2% YoY. FY2026 EPS consensus $26.75 (13.1% growth). Citigroup Buy $385 (raised); Raymond James Strong Buy $380; KBW Outperform $373; analyst consensus Buy $331.90. Gulf Maritime Reinsurance Plan (March 20 2026): lead underwriter for $20B DFC facility — direct Hormuz Crisis beneficiary. 33rd consecutive annual dividend increase announced.",,,,
2026-03-26,2026-03-25 00:40 UTC,SRE,88,95.35,Utilities,$93-$97,$89.00 - below 50-day SMA ($91.59) with buffer,$106.00 - JPMorgan analyst target / near-term resistance,$113.00 - Wells Fargo Overweight target / measured move,3.2:1,"Sempra is consolidating near its 52-week high ($97.45) just above its rising 50-day SMA ($91.59) — at $95.35 the stock provides a defined entry in a defensive utilities name. The Utilities sector is a top defensive rotation play during the confirmed S&P 500 downtrend and elevated VIX. A Q4 2025 EPS beat ($1.28 vs $1.12 estimate; +14.3%) and JPMorgan's recent target raise to $106 (March 18) reinforce institutional conviction. Sempra's LNG infrastructure platform provides multi-year structural growth visibility beyond traditional regulated utility income. RSI neutral at 56.71 confirms the setup is not overbought.","Next earnings April 30 2026 (~35 days — outside 3-week filter) | Stock trades 4.2% above 50-day SMA (entry on dip to $93-$96 preferred) | High P/E ratio 34.65x for a regulated utility | USD and LNG price sensitivity | Broader market correction risk","Q4 2025: EPS $1.28 beat $1.12 estimate (+14.3%); revenue beat estimates. JPMorgan raised target to $106 (March 18 2026); Wells Fargo Overweight $113. 200-day MA $86.67 provides strong long-term support. SMA-20: $94.48; SMA-50: $91.59; SMA-200: $86.67. 52-week high $97.45; uptrend confirmed.",,,,
2026-03-30,2026-03-27 13:20 UTC,CB,97,324.52,Financials,$320–$328,$308.00 – below 50-day SMA ($320.92) and prior support zone,$340.00 – prior 52-week high resistance / near-term breakout,$385.00 – Citigroup Buy analyst target,3.7:1,"Chubb holds the 50-day SMA zone ($320.92) at $324.52 — a clean orderly consolidation after a 6.1% pullback from its $345.67 52-week high. The Gulf Maritime Reinsurance Plan (March 20 2026) makes CB the direct beneficiary of the US-Iran Hormuz conflict: selected as lead underwriter for the $20B DFC facility insuring commercial shipping through the Strait. Q4 2025 EPS beat +18.8% with record underwriting margins. World's largest publicly traded P&C insurer with beta 0.49 and Insurance sector firmly in top defensive rotation. The 3.7:1 R:R to T2 $385 is compelling with earnings 22 days away — outside the 3-week filter but close; flagged as risk.","Next earnings April 21 2026 (~22 days — borderline 3-week filter; flagged as risk) | Insider selling: 6 trades all sells in 6 months ($55.6M total) | Gulf maritime program execution risk | S&P 500 confirmed downtrend / VIX 31","Q4 2025: EPS $7.52 beat $6.33 estimate (+18.8%); revenue up 6.5% YoY; net income +11.2% YoY. FY2026 EPS consensus $26.75 (+13.1%). Citigroup Buy $385; Raymond James Strong Buy $380; KBW Outperform $373; analyst consensus Buy $331.90. Gulf Maritime Reinsurance Plan (March 20 2026): $20B DFC facility — direct Hormuz Crisis beneficiary. 33rd consecutive annual dividend increase.",,,,
2026-03-30,2026-03-27 13:20 UTC,ALL,88,207.01,Financials,$203–$210,$197.00 – below converging 50-day/200-day MA support zone with buffer,$244.00 – median analyst target / near-term resistance,$265.00 – Mizuho Outperform target,4.3:1,"Allstate continues to consolidate at the confluence of its 50-day MA (~$204.80) and 200-day MA (~$203.70) at $207.01 — one of the most defined support zones in the S&P 500. The stock has pulled back 4.5% from its $216.75 all-time high on orderly declining volume. Beta 0.21 makes ALL the most defensively positioned insurer in the universe. A massive Q4 2025 EPS beat of 45.7% (adj EPS $14.31 vs $8.72 estimate) with improving P&C underwriting margins and lower catastrophe losses provides exceptional fundamental conviction. Earnings April 29 is comfortably outside the 3-week filter giving the trade ample runway.","Next earnings April 29 2026 (~30 days — outside 3-week filter) | Catastrophe exposure in elevated oil/geopolitical volatility | Privacy lawsuit (cellphone tracking data) proceeding to trial | Goldman Sachs maintains Neutral $231 | S&P 500 confirmed downtrend","Q4 2025: adj EPS $14.31 beat consensus $8.72 by 45.7%; P&C premiums +6.3% YoY; revenue $17.35B +5.1% YoY; net income +120.3% YoY. FY2026 EPS consensus +7.7% growth. Dividend raised 8% to $1.08/share. Mizuho Outperform $265 (March 20 2026); Raymond James Strong Buy $260; analyst consensus Buy $225.94. Beta 0.21.",,,,
2026-03-30,2026-03-27 13:20 UTC,TJX,83,155.42,Consumer Discretionary,$153–$158,$149.50 – below rising 50-day SMA ($155.62) and recent pullback support,$169.00 – analyst consensus target / near-term resistance,$185.00 – BTIG analyst target / measured move,3.5:1,"TJX Companies has pulled back to its rising 50-day SMA ($155.62) in an orderly consolidation at $155.42 — the stock sits $0.20 below the SMA with today's 13% dividend increase announcement (to $0.48/quarter) reinforcing management confidence. Off-price retail is structurally counter-cyclical: consumer trade-down in recession/elevated-VIX environments drives TJX's value proposition and accelerates market share gains from full-price competitors. Q4 FY2026 delivered record $17.74B revenue (beat by $380M) with EPS $1.43 vs $1.38 estimate. The 3.5:1 R:R with next earnings May 20 (51 days away) provides ample trade development runway.","CEO insider selling 30,000 shares March 2 ($4.8M) | Consumer Discretionary sector headwinds if recession deepens beyond trade-down thesis | Tariff impact on merchandise sourcing | S&P 500 confirmed downtrend","Q4 FY2026: EPS $1.43 beat $1.38 estimate; revenue $17.74B beat $17.36B (+5.9% YoY). Record $60B full-year revenue milestone. FY2027 guidance: strong growth. 13% dividend increase announced March 30 2026 (29th increase in 30 years). Analyst consensus Strong Buy (15 of 16 analysts); avg target $169; BTIG $185; Barclays $183. Beta ~0.6 suits elevated-VIX environment.",,,,
2026-04-01,2026-03-31 01:00 UTC,COST,88,997.23,Consumer Defensive,$990–$1005,$958.00 – below 200-day MA ($946) with buffer / recent swing low support,$1067.00 – 52-week high resistance / near-term breakout,$1125.00 – Telsey Advisory Group target / extended measured move,2.0:1,"Costco has pulled back 6.5% from its $1,067.08 52-week high to retest the 50-day MA zone ($983) — at $997 the stock sits just $14 above the 50-day following the bullish golden cross that formed on March 5 (first in three years). Q2 FY2026 delivered a double beat (EPS $4.58 vs $4.02 YoY; comps +6.7% vs 6.3% estimate; fee income +13.6%). The Consumer Defensive sector is the top defensive rotation play in the confirmed S&P 500 downtrend — Costco is outperforming the broader index by +15.64% YTD. IBD named COST Stock of the Day (April 1) as it approaches a new buy zone above the 50-day MA.","Insider selling (CEO/CFO options activity January 2026) | Tariff refund lawsuit exposure (customer suit filed) | Costco currently defending its pricing on tariff goods | Next earnings May 28 2026 (~57 days — ample runway) | Premium valuation at 51x P/E","Q2 FY2026: EPS $4.58 beat $4.02 YoY; revenue $69.6B beat $69.29B estimate (+9.2% YoY); U.S. comps +6.4%; fee income $1.355B (+13.6%); members 82.1M; renewal rate 92.1%. Golden cross March 5 2026 (first in 3 years). BofA initiated Buy $1,185; Telsey raised to $1,125; analyst consensus Buy $1,083. YTD +15.64%.",,,,
2026-04-01,2026-03-31 01:00 UTC,WMT,87,124.92,Consumer Defensive,$122–$127,$117.00 – below rising 50-day MA with buffer,$134.00 – analyst consensus target / near-term resistance,$145.00 – UBS / TD Cowen price targets,2.1:1,"Walmart is pulling back to its rising 50-day MA ($124.69) — at $124.92 the stock sits just $0.23 above the 50-day in an orderly consolidation from its $134.69 52-week high. The Consumer Defensive sector is firmly in favor for defensive rotation in the S&P 500 downtrend. Walmart is outperforming the broader market +12.13% YTD as it benefits from consumer trade-down during elevated-VIX / recession-fear environments. Q4 FY2026 delivered an EPS beat (Q4 EPS $0.74 vs $0.73 estimate) with e-commerce turning profitable and global e-commerce +22% YoY. Beta 0.66 suits the current environment. Next earnings May 21 (51 days) provides ample trade runway.","Insider selling: Walton Family Trust sold $220M in shares (March 27 2026); multiple other insider sales in March | Erste Group downgraded to Hold on valuation (47x P/E) | Consumer spending pressure if oil prices continue to rise | USD strength headwind on international revenues | S&P 500 confirmed downtrend","Q4 FY2026: EPS $0.74 beat $0.73 estimate; revenue $190.66B (+5.6% YoY). E-commerce profitable for first time; global e-commerce +22% YoY. FY2027 guidance $2.75–$2.85 EPS. BofA Buy $150 (resumed Feb 27); Telsey Outperform $140; analyst consensus Buy $139.11. Beta 0.66. AI-driven supply chain investment a multi-year competitive advantage.",,,,
2026-04-01,2026-03-31 01:00 UTC,KO,83,76.19,Consumer Defensive,$74–$78,$71.50 – below rising 200-day MA ($71.33) with buffer,$85.00 – analyst consensus target / prior resistance,$91.00 – 52-week high / extended target,2.1:1,"Coca-Cola has pulled back 7.1% from its $82.00 52-week high to retest the 50-day MA zone — at $76.19 the stock is trading -1.03% below its 50-day MA, offering a defined entry in one of the most defensive names in the S&P 500. Beta 0.36 and the 64th consecutive annual dividend increase (raised to $0.53/share quarterly in 2026) make KO an institutional safe-haven choice in elevated-VIX environments. The Consumer Defensive sector is the top rotation play in the current S&P 500 downtrend. FIFA World Cup 2026 partnership announced March 17 and NBA Sprite deal reinstatement provide near-term catalyst momentum. New CEO Henrique Braun transition (flagged as mild risk) is proceeding smoothly. Next earnings April 28 (27 days) — just outside the 3-week filter; flagged as approaching risk.","Next earnings April 28 2026 (~27 days — just outside 3-week filter; monitor closely) | CEO transition: James Quincy to Henrique Braun in 2026 | IRS $6B tax dispute (transfer pricing) could create headline risk | USD strength headwind (60%+ international revenue) | High payout ratio 67% limits dividend growth flexibility","Q4 2025: EPS $3.04 full-year (beat estimates); revenue $47.9B full-year (+3.5% YoY); organic growth strong. FY2026 guidance: comparable EPS growth 7–8% to ~$3.23; organic revenue +4–5%. 64th consecutive annual dividend increase to $2.12/share annually (~2.78% yield). FIFA World Cup 2026 partnership; NBA deal (Sprite). Analyst consensus Overweight; avg target $84.95.",,,, 
